"","eu_id_ind","survey_year","survey_month","survey_type","TF","TI","clean_face","TT_15plus","latrine","eu_examamined_ages_all","eu_examined_children","eu_household_count","eu_cluster_count"
"1",1,2014,"April","TIS",18.4,18.8,58.3,10.7,33.7,2817,867,549,47
"2",2,2016,"October","TIS",25.6,14.3,63.2,10.1,38,3775,928,1101,22
"3",3,2015,"January","TIS",45.2,14.5,27.6,12.4,38,2169,1272,950,32
"4",4,2017,"May","TSS",29.8,6.8,63.1,15.4,27.8,3329,877,1049,28
"5",5,2012,"September","TIS",16.4,8,40.8,9,52.3,5244,694,1070,31
"6",6,2015,"June","TIS",0.9,11.9,57.5,10,48.5,2272,899,788,19
"7",7,2015,"March","TIS",23.4,13.3,35.4,5.7,51.4,3596,754,1024,34
"8",8,2014,"December","TIS",15.4,13.8,43.9,12,64.6,2804,766,760,24
"9",9,2012,"October","TSS",23.7,15.8,22.9,11.3,37.2,1415,1056,1244,45
"10",10,2014,"January","TIS",23.5,4.3,41,7.4,49.4,2663,1130,857,28
"11",11,2016,"July","TIS",17.6,6.5,37.4,11.5,19.9,5734,1260,1023,18
"12",12,2018,"July","TIS",4.7,6.3,56.2,5,26.1,2750,754,1169,29
"13",13,2012,"November","TIS",47.8,12.9,56.1,11.6,30.3,2700,1099,765,35
"14",14,2019,"January","TIS",29.8,5.4,31.9,9.5,46,2661,925,1068,48
"15",15,2020,"December","TSS",25.4,16.7,33.3,10.6,27.7,2265,1347,997,26
"16",16,2018,"May","TIS",17.6,15.9,41.4,11.9,43.3,2220,1015,726,19
"17",17,2017,"July","TSS",41.3,10.1,45.5,11.8,36.5,2134,1134,956,34
"18",18,2019,"July","TIS",11.2,8.2,45.6,8,29.3,4234,642,1276,24
"19",19,2017,"June","TIS",16.3,17,24.3,8.4,28.2,2663,1313,1042,20
"20",20,2013,"August","TIS",20.5,9.8,37.6,6,28.9,4017,930,1025,36
"21",21,2019,"October","TIS",36.6,10.8,55.9,13.1,51.4,3864,799,861,38
"22",22,2019,"April","TIS",21.1,12.7,46.1,10.1,19,3886,1168,842,25
"23",23,2014,"July","TIS",9.9,9.9,28.9,9.2,41.6,2103,622,733,30
"24",24,2015,"June","TIS",7,15.1,78,11.9,54.7,4058,676,1102,7
"25",25,2019,"August","TIS",35.2,20.8,34,11.7,37.4,2052,870,1082,43
"26",26,2015,"February","TIS",21.2,12,46.4,13.7,38.6,1625,932,1284,29
"27",27,2020,"February","TIS",9.9,14.6,53.5,9.3,49.9,1935,919,1023,28
"28",28,2014,"November","TIS",30.9,2.5,57.2,6,26.2,1761,1107,903,33
"29",29,2015,"July","TIS",3.2,11.5,76.6,11.5,45.1,3743,1293,882,33
"30",30,2017,"July","TIS",28.6,11.2,51.9,8,35,5469,1061,959,35
"31",31,2014,"June","TIS",22.3,7.3,43.4,9.5,37.2,3248,921,916,31
"32",32,2017,"June","TIS",19,14.6,64.5,8.1,35.8,3907,904,857,32
"33",33,2011,"March","TIS",12.7,8.9,57.4,8.1,45.2,2344,1086,1299,39
"34",34,2022,"March","TIS",0.8,6.2,63.3,11.8,36.7,2576,678,960,37
"35",35,2017,"June","TIS",10.1,6.6,57.8,12.3,33.3,3222,1121,1043,24
"36",36,2014,"August","TIS",46.8,3.7,62.6,16,44.3,2341,1142,914,38
"37",37,2018,"January","TIS",33.3,4.4,26.4,7.1,23.2,4468,1252,998,35
"38",38,2019,"September","TIS",14.5,6.7,69.4,11.5,41.3,3448,1310,1096,32
"39",39,2014,"July","TIS",5,6,25.6,9,33.3,2063,1321,1089,31
"40",40,2017,"February","TIS",25.9,10,32,11.8,48.8,4042,1166,889,25
"41",41,2018,"August","TSS",11.7,12.4,39.8,9.2,49.8,2546,1168,1019,16
"42",42,2018,"February","TIS",12.6,9.7,55.5,12,38.7,2539,1136,1088,18
"43",43,2017,"January","TIS",40.9,15.9,53.9,10.6,35.6,3330,1022,958,22
"44",44,2014,"July","TIS",48.4,3.2,67.7,14,44.4,3861,918,1111,23
"45",45,2018,"August","TIS",11.3,9,30.7,7.7,52.3,654,748,1000,39
"46",46,2015,"May","TIS",38.4,12.8,75.8,10.8,46.8,2317,1091,1001,30
"47",47,2014,"March","TIS",25.1,12.1,50,9.3,42.7,2952,1150,1036,26
"48",48,2020,"December","TIS",66,12.9,72.8,9.6,31,4189,1003,1082,13
"49",49,2022,"November","TIS",20.8,10.1,59,11.7,36.7,2202,1188,899,37
"50",50,2020,"December","TIS",34.8,7.6,48.9,14.7,34.3,3089,1009,1013,52
"51",51,2018,"December","TIS",43.9,3.7,60.1,10.4,62.1,2058,1191,997,34
"52",52,2015,"August","TIS",32.2,10.8,43.9,10.2,31.5,3914,744,739,11
"53",53,2015,"July","TIS",28.9,12.4,51,7.2,26.6,3179,1034,1139,38
"54",54,2014,"November","TIS",21.4,3,51,6.6,27.9,3308,1068,712,18
"55",55,2015,"May","TIS",35.8,12.7,41.8,15.9,26.1,2573,701,1015,34
"56",56,2016,"November","TIS",43.3,14.2,50.7,9.8,61.3,4490,919,1077,30
"57",57,2015,"March","TIS",40.8,7.7,50.4,7.8,23.3,4695,828,953,45
"58",58,2016,"February","TIS",38.6,4.5,47.9,12.9,42.4,2255,413,1197,44
"59",59,2011,"March","TIS",29.4,0.5,46.6,12.1,38.9,3710,1303,670,24
"60",60,2012,"May","TIS",45.1,10.8,66,6.7,48.4,3376,880,938,32
"61",61,2015,"July","TIS",38.2,12.8,39.1,10.7,31.8,2299,736,878,19
"62",62,2020,"February","TIS",10.5,8.6,31.2,13.4,32.1,3598,938,1171,31
"63",63,2021,"December","TIS",29.7,5.7,48.6,7.4,43.5,2005,725,1051,36
"64",64,2023,"November","TIS",45.1,14.7,54.4,7.3,45.4,3423,956,1162,50
"65",65,2020,"December","TIS",33.5,16,40.2,9.1,33.1,3122,987,906,21
"66",66,2013,"October","TIS",32.4,13.5,51.4,6.7,39.6,4126,1076,947,42
"67",67,2021,"March","TIS",32.9,7.1,39.9,8.1,27.9,4407,851,1084,31
"68",68,2013,"September","TIS",9.7,8.1,62.5,8.6,28.2,2295,1284,1227,37
"69",69,2018,"June","TIS",0.2,11.9,50.6,7.3,41.4,1115,1170,1188,34
"70",70,2014,"June","TIS",17.9,3.8,42.4,11.4,62.9,3388,1064,1217,34
"71",71,2011,"November","TSS",69.5,16.2,52.4,11.5,52.2,2781,1266,781,41
"72",72,2018,"August","TIS",56.4,10.4,52.8,9.4,22.2,1674,963,790,23
"73",73,2018,"October","TIS",30.8,5.7,66,10.2,43.6,3762,1017,1062,34
"74",74,2016,"February","TIS",49.8,10.4,49.4,9.3,29.3,3672,855,948,28
"75",75,2017,"October","TSS",25.7,12.4,60.9,11.3,38,3869,1022,887,31
"76",76,2015,"October","TIS",19.4,11.8,62.2,12.7,38.9,4798,945,977,21
"77",77,2019,"April","TIS",24.4,1.7,68.8,11.2,45.6,4333,909,942,65
"78",78,2011,"September","TIS",16.6,13.5,61.3,8.8,51,2856,1052,1093,46
"79",79,2016,"November","TIS",40.9,3.2,71.8,11.7,51.7,3547,799,980,28
"80",80,2015,"June","TIS",35,6.3,63.6,8.1,53.8,3331,787,849,25
"81",81,2019,"June","TIS",45.2,8.8,74.7,11.6,47.6,2890,849,1012,23
"82",82,2014,"November","TIS",32.2,17.3,55.4,9.7,49.7,3924,944,858,22
"83",83,2016,"July","TSS",49.1,8.6,49.3,11.8,38.9,866,1274,850,34
"84",84,2018,"April","TIS",29.1,5,77.4,15.5,35.1,2442,1303,1328,27
"85",85,2018,"May","TIS",64,10,81,9.5,30.1,1924,1108,812,34
"86",86,2020,"November","TIS",61.8,5.1,46.9,9.3,35.1,4297,893,1246,28
"87",87,2016,"February","TIS",16,16.7,44.7,10.4,50.9,4750,818,890,32
"88",88,2019,"July","TSS",28.2,4.5,51.7,10.3,37.1,4227,941,969,20
"89",89,2013,"November","TIS",27.5,14.7,90.4,12.7,40.3,2991,826,1172,43
"90",90,2021,"July","TIS",35.9,10.9,49.4,12.2,37.7,3320,1094,1131,26
"91",91,2013,"September","TIS",14.4,15.9,61,10.2,35.4,5698,1102,857,33
"92",92,2015,"July","TIS",23.7,17.1,44.8,6.1,31.8,2586,939,1062,38
"93",93,2013,"July","TIS",44.6,5.5,57.7,11.4,43.6,3987,1392,897,36
"94",94,2010,"July","TIS",15.8,20.4,29.4,11.8,50.9,2105,1124,1137,19
"95",95,2013,"August","TIS",39,10.9,61.8,10.7,47,5281,936,978,27
"96",96,2018,"May","TIS",28.4,4.2,47.1,11.6,37.6,2123,1025,865,25
"97",97,2015,"December","TIS",40.3,9.2,68.4,10.7,51,1819,1109,891,19
"98",98,2014,"December","TIS",53.5,5.8,49.4,8.8,25.4,4866,1016,1109,16
"99",99,2020,"June","TIS",48.1,14.4,33.4,10.2,54.7,1619,785,1242,33
"100",100,2017,"July","TIS",26.4,16,29.4,9,33.2,545,1071,917,25
"101",101,2015,"April","TIS",46.9,7.3,43.5,11.6,43.1,2856,1045,1012,31
"102",102,2014,"November","TIS",21.2,20.6,31.2,5.8,48.8,4594,1060,1066,37
"103",103,2013,"June","TIS",32.3,9.1,40.3,9.1,41.1,3365,768,1252,29
"104",104,2019,"March","TIS",7.9,2.4,65.2,10.6,64,2859,899,1178,46
"105",105,2018,"January","TIS",32.5,4.9,42.8,10.6,58.1,1569,829,945,49
"106",106,2016,"April","TIS",12.3,5,36,6.6,34.4,1415,775,1148,30
"107",107,2016,"March","TSS",47.3,10.6,51.7,9.9,32.5,3214,898,1092,9
"108",108,2018,"July","TIS",30.1,5.9,40.9,12.6,48.4,2178,772,1102,25
"109",109,2015,"December","TIS",11.7,13.3,65.6,10.3,44,2177,697,1153,36
"110",110,2016,"February","TSS",38.4,10.9,37,13.4,45.9,2081,909,906,32
"111",111,2012,"May","TIS",44.6,4.4,26.3,11.5,71,2477,1256,992,34
"112",112,2021,"July","TIS",38.6,8,36.9,11.2,43,4210,1276,1062,40
"113",113,2016,"March","TIS",39.7,1.6,36.9,12.8,47.1,4231,716,1060,32
"114",114,2018,"January","TIS",12.7,9.6,34.7,15.3,35.3,2355,1245,1078,10
"115",115,2018,"March","TIS",40.4,0.9,55,9,31,3714,858,1034,28
"116",116,2012,"September","TIS",32.8,7.8,87.1,3.3,32.6,3763,1235,1013,46
"117",117,2015,"July","TIS",24.7,11.8,53.5,7.8,32.2,4494,998,1192,15
"118",118,2012,"January","TIS",16.8,8.1,49.9,8.5,51.6,3601,444,793,23
"119",119,2018,"May","TSS",64.9,6.7,28.5,13.8,65.6,5387,1058,1260,35
"120",120,2017,"September","TIS",35.1,0.3,46.3,7.8,42.3,1570,921,1034,49
"121",121,2017,"October","TIS",12.5,3.4,32.1,8.2,16.9,3811,1168,1088,29
"122",122,2011,"March","TIS",4.3,10.3,72.2,9.4,19.5,2633,1109,1094,22
"123",123,2018,"February","TIS",28.3,7.9,70.3,8.1,48.7,4016,1137,894,40
"124",124,2017,"May","TIS",30,7.3,35.7,14.5,51.1,3471,877,933,14
"125",125,2013,"November","TSS",9.6,15.2,49.5,13.8,34.5,1554,902,767,33
"126",126,2018,"December","TIS",25.1,6.9,38.4,13.3,34.2,4241,1209,1038,41
"127",127,2019,"May","TIS",3.4,6.6,37.1,13.9,37.7,1371,1064,900,26
"128",128,2011,"July","TIS",11.9,1,29.2,14.4,31.9,2365,980,679,30
"129",129,2021,"July","TIS",18.3,13.9,87,5.7,44.7,3242,924,798,36
"130",130,2012,"June","TIS",28.8,3.9,36.5,9.5,44.5,4370,1054,981,29
"131",131,2018,"January","TIS",48.6,15.8,29.2,13.8,30.6,2905,801,1057,24
"132",132,2013,"August","TIS",44.8,7.5,55.3,11,48.2,1956,862,1150,20
"133",133,2016,"January","TIS",41.4,15,21.5,10.5,48.1,1670,1067,898,2
"134",134,2011,"July","TIS",42.1,1.2,42,12.8,37.2,5019,809,1029,35
"135",135,2010,"October","TIS",24.9,4.8,73.9,11.5,45.1,3179,991,885,24
"136",136,2019,"April","TIS",48.1,12.1,48.3,13.4,32,4397,788,1328,17
"137",137,2017,"July","TSS",18.2,10.3,38.9,9.9,32.8,2506,1039,938,47
"138",138,2015,"February","TIS",32.1,10.6,29.4,12.5,23.7,4295,1404,868,18
"139",139,2019,"August","TIS",38.6,8.5,29.7,10.8,50.5,4191,675,1008,39
"140",140,2022,"April","TIS",27.3,5.5,55.8,7.4,31.4,2358,840,791,44
"141",141,2015,"October","TIS",48.3,6.3,23.1,8.6,42.6,1363,1020,1161,43
"142",142,2017,"December","TIS",26.1,6.2,47.9,10.9,51.1,1970,1255,1155,26
"143",143,2020,"September","TIS",38.1,13.9,25.2,8.2,57.8,4356,875,837,13
"144",144,2011,"March","TIS",35.6,11.8,76.4,15.8,48.5,1353,868,966,39
"145",145,2015,"August","TIS",37.5,16.1,33,12.1,37.1,2308,891,857,25
"146",146,2011,"November","TIS",34.3,9.3,69.1,7.9,56.8,2982,882,1043,61
"147",147,2013,"April","TIS",2,10.3,51.3,7.5,44,5270,1124,1134,46
"148",148,2020,"February","TIS",44.3,11.8,49.3,11.8,45.2,3096,1123,854,22
"149",149,2016,"October","TIS",6.3,4.4,35.1,5.7,44.3,3428,809,981,20
"150",150,2020,"September","TIS",38.4,25.4,36.3,8.9,34.7,2994,997,868,29
"151",151,2017,"February","TIS",41.5,12.4,76.4,11.8,41.6,4520,779,806,28
"152",152,2013,"July","TIS",22,9.8,60.9,12.7,54.2,4399,895,569,49
"153",153,2020,"March","TIS",46.1,6.7,47.5,10.6,52.7,5195,1109,1081,30
"154",154,2020,"August","TIS",32.8,4.7,44.3,9.2,42.3,2978,968,1003,54
"155",155,2017,"June","TSS",37.7,15.9,61.5,10.6,46.1,421,959,934,28
"156",156,2015,"August","TIS",40.3,10.9,13.7,11.8,20.1,630,961,680,29
"157",157,2014,"November","TIS",27.7,12.7,77.8,7.9,47.7,1827,938,1053,42
"158",158,2017,"February","TIS",14.3,7.5,34.4,10.8,27.3,3269,799,917,26
"159",159,2015,"January","TIS",29.6,1.4,61.2,14.6,45.9,2632,842,1094,23
"160",160,2018,"July","TIS",58.8,12.5,46.8,11.7,54.9,2577,1158,616,42
"161",161,2012,"March","TIS",22.7,20,49.4,10.8,41.8,2053,980,971,54
"162",162,2019,"March","TIS",29.9,9.5,68.4,9.5,27.9,4849,1023,1056,32
"163",163,2012,"March","TIS",2.8,7.3,66.2,7.5,37.4,1307,603,949,20
"164",164,2017,"October","TIS",47.2,18.2,74.1,12.9,22.5,3275,847,895,18
"165",165,2016,"March","TIS",18.7,9.7,64.1,8,47,2858,1173,1003,35
"166",166,2018,"August","TIS",42.7,8.3,47.5,13,35.3,3674,1315,1221,29
"167",167,2014,"June","TIS",17.3,6.9,22.3,6,36.3,6713,733,1036,33
"168",168,2013,"May","TIS",37.7,6.7,55.2,11.2,53,2037,851,1112,38
"169",169,2018,"February","TIS",15.9,14.2,44.1,12.5,31.3,2493,880,1082,29
"170",170,2011,"June","TIS",22.2,17.4,43.9,15.2,42.8,2228,1205,1143,39
"171",171,2011,"August","TIS",25,18.5,43.8,9.8,37.4,3391,913,867,28
"172",172,2016,"October","TIS",32.6,7.8,74.9,13,45.7,4118,980,994,21
"173",173,2019,"June","TIS",17.7,15.2,51.1,8.9,32.9,2843,942,1094,28
"174",174,2020,"October","TIS",50,4.4,36.1,4,36.4,5035,680,1106,44
"175",175,2017,"November","TIS",17.6,15.3,46.3,9.4,51.2,4611,1093,951,24
"176",176,2016,"July","TIS",20.4,8.8,36.1,9.7,37.2,3208,900,868,24
"177",177,2017,"February","TIS",65.8,21.3,35.9,7,31.5,1840,1359,1382,28
"178",178,2014,"January","TIS",35.3,6.7,52.4,7.8,32.9,2708,1091,895,15
"179",179,2014,"July","TIS",37.7,3.6,56,10.4,59.7,2618,973,1113,28
"180",180,2013,"May","TIS",53.4,6.6,60.1,11.2,39.3,2141,857,885,33
"181",181,2014,"February","TIS",10,4.7,54.3,5.9,33.6,2727,1142,997,39
"182",182,2017,"March","TIS",57.4,18.9,39.2,10.4,31.4,4417,676,1009,29
"183",183,2013,"February","TIS",33.3,5.8,52.7,10.9,35.2,3398,1139,986,24
"184",184,2015,"September","TIS",20.4,12.1,38,5.3,33.9,3427,1066,986,15
"185",185,2019,"March","TIS",27.7,8.1,59,10.4,42.3,2501,1042,1057,17
"186",186,2017,"February","TIS",38.2,16,39.4,10.3,30.9,4227,1071,688,40
"187",187,2013,"August","TIS",36.2,5.6,48.9,6.5,48.9,3329,1328,955,34
"188",188,2019,"July","TIS",47.5,9,61.5,10.6,42.9,3490,993,1045,20
"189",189,2016,"December","TIS",12.2,7.2,50.3,14.6,32.4,3375,867,1098,31
"190",190,2018,"June","TIS",20.5,6.1,19.4,6.7,35.6,2108,1380,1115,37
"191",191,2018,"November","TIS",40.8,8,30.4,9.3,33.9,1489,1242,1001,32
"192",192,2013,"March","TIS",39.9,7.5,69.9,7.4,53.1,2723,1097,1174,43
"193",193,2017,"September","TIS",52.1,4.8,57.8,7.7,51.1,4607,1131,936,30
"194",194,2016,"August","TIS",26.9,5.1,32,9.7,22.5,2876,783,996,25
"195",195,2011,"August","TIS",25.1,3.1,31.7,13.8,57.4,2796,973,791,39
"196",196,2010,"August","TIS",51.5,5.8,65.4,10.9,17.9,4085,1065,1187,32
"197",197,2017,"October","TIS",36.9,16.6,35.1,11,39.9,1735,1346,1041,48
"198",198,2018,"May","TIS",52.5,15.5,40.2,8.9,35.6,3408,802,1012,26
"199",199,2018,"April","TIS",35.4,13.5,53.2,11,33.7,2419,1076,880,35
"200",200,2013,"October","TIS",43,20.4,47.4,6.5,32.1,2995,952,922,28
"201",201,2017,"August","TIS",36.7,7.8,30,8.6,49.3,4135,1176,780,27
"202",202,2016,"December","TIS",45.2,6.4,62.7,13,39.3,1506,1089,983,40
"203",203,2021,"December","TIS",27.6,9.7,54.1,9.4,44.1,2027,825,894,24
"204",204,2018,"December","TIS",22.4,2.3,81.8,15,40.7,4615,1062,1080,34
"205",205,2018,"March","TIS",74.5,4.1,48.4,6,29.8,4483,1440,680,33
"206",206,2021,"March","TSS",18.9,10.1,28.6,7.4,24.7,3802,918,1090,32
"207",207,2016,"February","TIS",35,21.3,40,10.1,39.5,4246,907,837,34
"208",208,2015,"April","TIS",39.6,9.9,57,12.8,56.2,3515,1163,1067,39
"209",209,2016,"December","TIS",7.1,13.6,55.3,7.5,41,3968,1287,1103,40
"210",210,2012,"January","TIS",37.8,1.2,63.8,8.7,55.7,2719,671,1139,29
"211",211,2014,"March","TIS",19.5,9.2,31.5,8.8,41.6,2391,983,1036,50
"212",212,2017,"September","TIS",52.8,8.9,48.7,10.7,42.2,4295,764,1080,18
"213",213,2019,"April","TIS",21.7,15.8,39.4,10,61.6,2629,1072,1104,32
"214",214,2017,"June","TIS",18,8.1,49.9,6.9,51.4,5308,621,961,37
"215",215,2019,"January","TIS",31.3,3.6,88.2,11.1,47.6,3518,1021,957,21
"216",216,2017,"July","TIS",35.8,10.4,54.9,7.4,21.8,5296,980,1033,22
"217",217,2021,"August","TIS",16.5,7.2,59.2,10.6,52,963,1201,741,36
"218",218,2012,"June","TIS",12,6.2,66.4,10.5,38.3,4124,910,1108,28
"219",219,2019,"October","TIS",14.3,12.6,39.7,7.5,40.1,3347,899,971,43
"220",220,2015,"June","TIS",10.9,16.1,60.7,9.2,27.2,2814,716,838,32
"221",221,2014,"February","TIS",19.2,7.5,54.2,10.6,43.6,2822,863,1178,22
"222",222,2021,"January","TIS",36.4,17.4,37.6,8,22.9,4339,1171,1010,49
"223",223,2014,"May","TIS",10.8,11.9,53.9,10.4,41.1,3671,1041,1073,34
"224",224,2013,"November","TIS",12.9,4.2,56.8,8,41.7,1844,907,909,40
"225",225,2020,"January","TIS",43.7,3.3,44.7,7.8,52.4,1292,914,1037,43
"226",226,2015,"October","TIS",24,18.7,44.7,9.2,40.9,3315,948,1065,31
"227",227,2011,"April","TIS",33.5,5.7,55.7,10.7,39.6,3189,952,763,3
"228",228,2013,"August","TIS",20.3,4.2,59.5,8.5,36,1488,1139,865,14
"229",229,2017,"March","TIS",52.8,11.3,30.5,9,34.5,3263,839,880,37
"230",230,2020,"July","TIS",26.3,9.5,84.8,9.5,44.7,1868,1080,881,41
"231",231,2015,"August","TIS",24.5,12.5,33.3,7.2,47.4,2892,1001,787,22
"232",232,2017,"August","TIS",46.5,6.8,51.5,10.2,33.6,3183,1110,779,32
"233",233,2020,"May","TIS",28.8,11.1,84.7,7.2,46.6,2519,979,995,24
"234",234,2020,"March","TIS",63.2,11.8,48,11.2,24.5,3545,1492,818,33
"235",235,2014,"September","TIS",27,13.3,48,10.5,36.1,3050,1111,1280,23
"236",236,2018,"May","TIS",17.5,7.5,53,8.7,32.9,3287,625,921,29
"237",237,2016,"April","TIS",21.8,9,55.1,9.2,32.1,4212,841,804,8
"238",238,2020,"October","TIS",35.9,10.5,19.7,13.3,24.8,2754,980,1002,26
"239",239,2014,"October","TIS",37.9,7.5,47.7,9,52.8,2592,768,1150,31
"240",240,2018,"December","TIS",40.7,7,44.8,10.5,31.9,3456,889,990,33
"241",241,2016,"February","TIS",66.8,13.3,22.5,10.4,28,3347,641,1014,36
"242",242,2017,"February","TSS",46.7,11.1,41,6,32.9,1931,914,950,27
"243",243,2020,"October","TIS",6.5,5.7,67.3,12.1,48,3735,882,1059,34
"244",244,2014,"March","TIS",40.8,9.4,62.6,9.6,35.9,4469,1121,1187,31
"245",245,2019,"February","TIS",52.3,14.8,58.7,9.4,51.2,2671,1356,874,29
"246",246,2014,"December","TIS",52.2,10,48,8.7,43.1,2614,1066,960,27
"247",247,2017,"October","TIS",22.1,18,68.4,8.6,29.1,2789,1359,1106,25
"248",248,2013,"January","TIS",13.9,9.3,51.7,10.4,51.4,2600,971,894,38
"249",249,2015,"July","TIS",50.5,6.3,50.3,6.5,46.9,3413,1051,1059,34
"250",250,2014,"September","TIS",3.1,3.1,74.6,6.2,58.9,4128,998,946,35
"251",251,2011,"January","TIS",48.2,18.4,52,11.4,49.9,1534,652,1259,16
"252",252,2014,"October","TIS",13.1,5.3,40.7,9.1,33.2,2533,1099,973,41
"253",253,2017,"January","TIS",44.7,11,61.1,10.8,30.3,2886,766,1082,16
"254",254,2010,"October","TIS",39.4,3.8,53.7,13.8,23.1,4908,1115,1043,33
"255",255,2018,"March","TIS",37.2,5.2,63.4,12.4,39.9,4687,1018,856,22
"256",256,2014,"March","TIS",57.3,5.5,54.3,12.7,39.9,3785,1195,1184,46
"257",257,2012,"August","TIS",27.7,7.3,37.5,5.6,36.8,1706,1091,1110,29
"258",258,2017,"December","TIS",30.2,6.1,57.3,8.8,29.6,3207,846,626,33
"259",259,2019,"November","TIS",39,5.8,44.3,8.7,50.4,3304,950,963,35
"260",260,2019,"November","TIS",19.5,7,70.6,10.7,38.2,2985,831,948,33
"261",261,2014,"May","TIS",27.1,12.8,57.3,10.6,38.2,3370,957,753,40
"262",262,2014,"April","TIS",57.9,13.5,62,6.2,35.2,3164,1161,1068,35
"263",60244,2015,"February","TIS",23.6,13.8,45.2,9.5,32.3,2612,1162,1041,35
"264",60245,2017,"April","TSS",34.9,9.9,24.6,5.8,21.5,2655,1022,791,39
"265",60246,2020,"September","TIS",38.7,12,79,11.5,26.1,4383,1048,1076,42
"266",60247,2012,"August","TSS",29.5,8.2,70.6,12.8,25.1,3171,749,1058,33
"267",60248,2017,"July","TIS",28.8,11.1,46.3,11,55,4289,1277,1118,24
"268",60249,2015,"July","TIS",43.7,12.7,51.8,9.8,19,3231,758,875,37
"269",60250,2019,"May","TIS",14.1,9.5,76.8,11.5,23.5,4232,1214,1053,39
"270",60251,2014,"February","TIS",25.2,5,65,10.8,47.9,2693,868,1064,30
"271",60281,2014,"August","TIS",23.3,9.5,67.8,10.4,26.4,2914,997,1054,43
"272",60282,2016,"November","TIS",37.2,8.5,48.8,12.1,45.3,2946,979,1380,31
"273",60283,2013,"September","TSS",45.4,9.3,59.4,7.2,49.6,4505,1245,920,32
"274",60284,2017,"February","TIS",20.5,20,37.4,8.7,36.4,3814,852,639,23
"275",60285,2016,"January","TIS",36.4,13.4,21.3,4.9,37,3559,929,1228,44
"276",60286,2017,"December","TIS",49.8,14.8,82.4,11.2,38.3,2232,1155,907,14
"277",60287,2018,"January","TIS",63.3,17.9,49.2,9.7,25.6,3260,1042,802,24
"278",60288,2017,"December","TIS",14.5,15.8,68.2,11.9,43.9,2903,1137,1134,45
"279",60296,2019,"February","TIS",48.8,14,51.3,10.3,43.8,3566,530,1091,38
"280",60386,2021,"January","TIS",23.8,13.1,46.6,8,20.7,3021,1208,973,27
"281",60387,2014,"June","TIS",19.2,15.8,33.5,9.4,29.1,3155,720,1175,22
"282",60388,2013,"June","TIS",1.2,16,67.1,9.9,28.7,2691,895,799,27
"283",60389,2015,"March","TIS",33.4,7.6,47.5,13.9,41.3,1739,1040,923,24
"284",60390,2016,"July","TIS",33.6,2.6,21.9,16.5,38.5,3630,904,1153,39
"285",60391,2014,"May","TIS",30.7,13.4,59.2,9.3,53.6,3044,1198,938,23
"286",60392,2016,"June","TIS",53,6.6,61.7,12.9,41.4,2993,871,1141,29
"287",60393,2011,"March","TIS",17.9,16.2,42.9,10.6,29.4,2011,1152,1152,35
"288",60394,2014,"July","TIS",21.5,5.1,34.2,10,52.7,3247,863,1098,30
"289",60395,2018,"January","TIS",12.6,2.6,51.1,9.8,41.7,2703,820,1029,23
"290",60396,2018,"January","TIS",36.7,13.1,65.8,3.6,37.8,3845,1090,1124,14
"291",80524,2019,"March","TIS",38.6,10.3,80.2,5,44.6,3277,1110,830,34
"292",80525,2012,"June","TIS",26.3,8.7,51.4,8.9,21.8,4792,1145,1277,39
"293",80526,2017,"February","TIS",39.4,8.5,24.1,11,40.4,3085,1143,1165,23
"294",80527,2019,"May","TIS",22.8,3.4,24.6,4.5,28.9,3798,1264,1014,13
"295",80528,2013,"February","TIS",16.6,10.3,37.3,11.1,30.9,2637,1026,1023,39
"296",80529,2016,"February","TIS",36.4,13.3,48.2,9.7,42.1,3612,905,893,26
"297",80530,2014,"February","TSS",26.1,12.1,46.9,9.8,43.6,2032,1081,1368,27
"298",80531,2018,"June","TIS",15.6,6.9,43.7,12.1,40.5,3097,1410,939,19
"299",80532,2019,"January","TIS",30.6,6.2,39.8,8.9,65,1989,1057,858,28
"300",80533,2019,"October","TIS",10.3,10,42.2,12.8,44.4,3187,1036,887,5
"301",80534,2016,"February","TIS",23.6,14.7,57.2,9.7,37.5,2868,1116,910,25
"302",80535,2014,"September","TIS",6.6,2.2,55.2,10.9,55.9,3960,741,976,32
"303",80536,2013,"June","TIS",34.5,15.7,63.4,12.2,29.6,2918,1027,1108,26
"304",80537,2019,"March","TIS",41.6,3.8,66.4,10.9,42.9,3839,1231,937,28
"305",80538,2016,"August","TIS",16.7,11.8,54.3,14.3,58.2,3730,448,995,19
"306",80539,2019,"April","TIS",35.8,10.7,9.1,6.6,54.1,2541,878,1205,47
"307",80540,2013,"August","TIS",9.9,10.3,52.7,10,58.1,2900,1131,909,22
"308",80605,2015,"December","TIS",24.3,1.3,66.7,11.5,28.6,2353,635,1318,41
"309",80606,2014,"November","TIS",24,7.4,51.9,11.2,29.3,3421,1080,1007,39
"310",80607,2014,"November","TIS",24.3,10.8,46.8,7.3,44.8,4143,971,647,37
"311",80608,2016,"March","TIS",42.3,16.5,39.3,8.8,34.4,3232,1172,861,38
"312",80609,2014,"December","TIS",41.4,7.4,49.4,5.1,37.3,3644,1025,952,34
"313",80610,2015,"July","TSS",23.9,1.5,41.2,10.6,41.6,4133,992,848,14
"314",80611,2016,"June","TIS",25.5,14.3,54.6,15,33.1,2726,859,1083,17
"315",80612,2017,"September","TIS",31.3,5.4,72.4,9.8,32.9,2810,1118,1069,41
"316",80613,2013,"July","TIS",25.8,0.3,52.7,8.4,49.6,2640,1167,1096,31
"317",80614,2014,"April","TIS",41.8,22.9,46.6,9.7,61.6,1601,925,882,18
"318",80615,2015,"June","TIS",51.4,7.9,71,8.2,49.8,3123,1295,935,46
"319",80616,2019,"August","TIS",48.2,6.4,35.6,10.4,41.4,3640,1030,820,22
"320",80617,2012,"October","TIS",46.1,9.4,45.2,12.4,34.1,3217,1139,1175,30
"321",80618,2018,"June","TIS",45.8,14.5,32,8.7,47.1,3999,940,1159,18
"322",80619,2017,"March","TIS",37.2,5,29.2,8.9,34.1,2175,831,1144,31
"323",80620,2016,"June","TIS",30.1,6.7,28.5,12.2,35.9,2924,788,923,11
"324",80621,2014,"September","TSS",50.9,10.8,51.2,9.1,40,3866,1079,1125,42
"325",80622,2017,"September","TIS",18.8,2,51.7,14,26.5,2924,1150,866,45
"326",80623,2014,"March","TIS",40.1,8.5,19.7,3.8,42.4,4675,1145,1131,34
"327",80624,2018,"January","TIS",49.7,6.8,62.4,8.1,35.6,1035,774,1136,29
"328",80625,2014,"January","TIS",45.4,10.8,29.6,9.1,22.8,2677,1147,1042,44
"329",80626,2021,"November","TIS",31.3,18,61.1,6.5,47.1,2792,961,1071,28
"330",80627,2019,"December","TIS",24.1,5.8,47.5,10.4,25.6,2804,860,824,25
"331",80628,2015,"November","TIS",30.1,6.6,26.9,8.1,52.2,1932,1327,1077,47
"332",80629,2013,"May","TIS",23.4,6.4,37.7,11.2,50.9,2804,1155,835,29
"333",80630,2018,"July","TIS",29.2,11.1,63.4,14.1,36.4,1327,998,1209,14
"334",80631,2011,"November","TIS",40.8,12.2,47.9,6.3,33.8,3420,1023,699,26
"335",80632,2015,"February","TIS",0.2,12,61.4,10.5,35.1,3233,1087,1111,31
"336",80633,2013,"July","TIS",29.1,8.8,51.1,7.9,35.4,4772,1071,1138,44
"337",80634,2019,"December","TIS",57.3,7.9,55.4,12.1,45.9,3134,785,881,24
"338",80727,2017,"March","TIS",34.6,9,41.9,15.3,46.6,2858,882,1144,24
"339",80728,2017,"October","TIS",39.4,8,50.2,8.5,47.1,3498,999,1006,33
"340",80729,2016,"July","TIS",50.4,4.7,55,7,32.9,2683,1472,1196,33
"341",80730,2009,"December","TIS",35,7.6,50.9,14.1,49.5,3025,1117,1336,41
"342",80731,2011,"April","TIS",12,10.8,33.1,11.9,56.5,3560,1056,975,33
"343",80732,2008,"February","TIS",26.3,8,43.1,9.3,58.7,1699,699,1256,17
"344",80733,2014,"July","TIS",10.2,12.9,53.8,11.2,39.9,3708,1280,1017,21
"345",80734,2007,"August","TIS",34.1,13.5,46.5,11.6,35.6,5229,772,1197,8
"346",80735,2017,"October","TIS",29.4,16.4,49.8,9.6,22.5,4086,1091,1009,33
"347",80736,2017,"May","TIS",26.4,9.4,20.6,7,27.6,3056,1202,1026,31
"348",80737,2019,"July","TIS",28.6,2.9,37.6,6.3,34.7,2115,1141,999,43
"349",80738,2012,"September","TIS",28.4,12.8,41.3,9.2,54.6,2693,1424,896,26
"350",80739,2023,"February","TIS",45.2,8.6,42.1,10.4,39.5,3542,1130,1131,29
"351",80740,2015,"March","TIS",45,9.3,41.3,7.1,35,4794,781,1060,35
"352",80741,2018,"September","TIS",28.4,3.6,68.8,8.5,43.2,3044,1011,1070,28
"353",80742,2015,"November","TIS",27,7.7,82.1,12.2,35.8,3037,991,1108,29
"354",80743,2017,"December","TIS",18.3,11.3,33.9,8.7,28.8,2564,940,1130,37
"355",80744,2014,"February","TIS",14.3,13.6,50.1,8.5,60.8,3010,1167,876,14
"356",80745,2015,"September","TSS",41.3,18.6,26.7,11.1,42.3,3774,1137,986,27
"357",80746,2016,"December","TIS",22.2,9.4,60.7,9.9,52.9,1095,1055,995,17
"358",80747,2012,"September","TIS",26.5,15.4,46.8,15.6,50.2,2151,1041,1079,37
"359",80748,2019,"May","TIS",0.9,13.8,34.5,9.1,39.8,2849,1125,955,40
"360",80749,2017,"March","TSS",44.8,4.7,29.3,14,52.6,4180,520,1079,17
"361",80750,2016,"March","TIS",39.2,18.7,25.9,10.5,49.6,3506,1262,751,7
"362",80751,2014,"January","TIS",9.8,12.7,76.8,7.7,22.8,4598,1136,1019,57
"363",80936,2021,"January","TIS",20,10.3,46.2,8.1,54.2,2508,902,1081,45
"364",80937,2017,"February","TIS",21.6,15.2,62.1,6.8,46.1,4301,785,941,31
"365",80938,2013,"April","TIS",6.2,16.3,39.8,10.6,60.1,5193,1040,928,42
"366",80939,2010,"February","TIS",11.6,2.6,47.3,15.7,48.3,4059,1015,1136,35
"367",80940,2015,"December","TIS",39.8,17.6,82.8,7.5,36,2339,954,942,42
"368",80941,2014,"April","TIS",30.5,15.1,34.5,15,38.3,3555,1522,865,34
"369",80942,2012,"August","TIS",19.9,10.6,55.8,9.6,33.9,2275,1359,991,22
"370",80943,2016,"August","TIS",42.9,9.9,70.8,11.1,63.7,3510,1259,1152,28
"371",80944,2015,"April","TIS",45.8,6.3,25.8,9.2,55.1,3112,872,823,35
"372",80945,2015,"July","TIS",33.6,10.6,61,6.1,21.8,3080,887,1170,20
"373",80946,2017,"May","TIS",61.4,21.6,56.6,9.8,39.4,1574,1125,986,27
"374",80947,2018,"June","TIS",18.1,6.3,37.6,9.9,56.8,2321,859,1051,24
"375",80948,2018,"March","TIS",19.7,17.8,44,11.6,52.4,2462,1342,669,20
"376",80950,2020,"December","TIS",40.5,18.3,49.1,6.2,63.4,2455,1214,1126,30
"377",80951,2018,"May","TIS",17.1,19.7,57.5,12,50.5,3426,1366,893,23
"378",80952,2019,"August","TIS",20.9,14.3,38.8,8.7,28.3,1534,1179,901,25
"379",80953,2019,"October","TIS",37.8,14.1,36.4,11.2,35.2,2485,984,1172,29
"380",80954,2016,"December","TIS",45.3,11.3,53.2,11.3,30.6,4271,1171,992,26
"381",80955,2016,"November","TIS",26.4,8.1,67.3,7.9,47.3,3742,1274,847,36
"382",80956,2017,"January","TIS",24.4,1.9,51.6,11.2,56.8,2969,1394,758,37
"383",80957,2011,"November","TIS",18.8,6.4,42.9,13.8,35.8,4167,698,702,50
"384",80958,2018,"April","TIS",34.8,21,49.8,8.6,27.1,3496,1212,934,29
"385",80959,2015,"September","TIS",18.5,13.8,41.7,12.1,32.5,4133,846,1362,42
"386",80960,2015,"June","TIS",32.7,14.1,54,9.5,43.2,2000,1271,1139,43
"387",80961,2018,"May","TIS",32.4,17.7,65.6,10.7,35.6,3246,1291,993,21
"388",80962,2016,"March","TSS",45.3,7.7,58.4,8.4,55.7,4355,1208,838,32
"389",80963,2015,"July","TIS",23.5,11.8,35.8,8.9,56.4,3551,683,950,20
"390",80964,2015,"October","TIS",10.3,11.2,52.6,11.1,34.7,2127,922,989,31
"391",81028,2015,"September","TIS",20.5,18.1,33.1,9.5,40.9,2446,1087,882,27
"392",81029,2016,"November","TIS",4.1,8,56.5,6.3,38,2864,1296,1208,32
"393",81030,2021,"May","TIS",49.5,6.2,29.1,10.6,26.4,4288,856,1207,19
"394",81031,2016,"July","TIS",45.6,7.7,40.8,11.7,31.6,3428,383,1030,13
"395",81032,2012,"November","TIS",20.7,18.1,27.2,6.2,46,2504,1104,889,47
"396",81033,2017,"March","TIS",35.4,6.8,64.7,8.1,36.3,2035,908,810,21
"397",81034,2021,"August","TIS",36.1,4.1,59.5,7.6,41.7,1848,998,993,26
"398",81035,2020,"October","TSS",12.8,5.2,69.5,11.2,39.3,3776,887,1092,21
"399",81036,2017,"October","TIS",31.7,1,25.2,12.5,29.6,2563,954,1012,23
"400",81037,2017,"November","TSS",16.1,10.2,44.3,10.3,31.7,2212,869,1047,22
"401",81038,2014,"June","TIS",36.9,6.5,57.2,12.2,47.2,4885,1130,1053,23
"402",81039,2018,"September","TSS",26.7,9.3,18.7,10.8,55.2,2778,901,999,49
"403",81040,2010,"October","TIS",32.3,15.6,59.8,8.1,42.5,2966,1254,822,30
"404",81041,2014,"July","TIS",14.9,12.1,31.4,8.4,32.2,3748,699,680,12
"405",81042,2018,"March","TIS",21.7,9.9,47.6,10,40.1,2473,1136,883,22
"406",81043,2017,"May","TIS",43.2,20.4,30.7,6.5,54.4,3983,818,972,32
"407",81044,2013,"April","TIS",32.3,4.7,39.6,8.5,24.9,1553,867,1059,23
"408",81045,2014,"September","TIS",28.9,8.9,39,10.7,36.9,4321,905,884,32
"409",81046,2019,"July","TIS",27.8,2.7,38.4,5.6,47.2,3531,775,1140,21
"410",81047,2015,"May","TIS",20.4,8.9,51,6.4,41.6,3920,969,871,23
"411",81048,2020,"February","TIS",23.8,14.6,65.7,8.5,39.5,2992,879,797,38
"412",81049,2011,"November","TIS",42.4,15.3,60.8,9.8,46,1753,1150,960,44
"413",81050,2011,"May","TIS",31.1,10.5,68.4,6.6,18.5,3196,842,1071,34
"414",81051,2014,"August","TIS",38,8.6,28,12,43,3774,803,978,38
"415",81117,2018,"January","TSS",43.1,6.1,54.4,9.7,55.8,3493,1161,950,31
